{
  "run_id": "run_20260418_115451",
  "timestamp": "2026-04-18T11:55:12.581477",
  "model_used": "ddqn",
  "episodes": 10,
  "num_nodes": 10,
  "learning_rate": 0.0001,
  "gamma": 0.99,
  "death_threshold": 0.3,
  "max": 1000,
  "seed": 42,
  "metrics": {
    "mean_reward": 3325.0564299169296,
    "max_reward": 3808.331288832626,
    "best_episode": 6,
    "avg_final_10": 3325.0564299169296,
    "final_coverage": 0.4018675,
    "final_avg_soh": 0.999689192669752,
    "network_lifetime": 10
  },
  "series": {
    "episode_reward": [
      3545.999114052679,
      2426.7132840366094,
      3104.553994199504,
      3730.4101177838734,
      3431.476141234506,
      3808.331288832626,
      3271.423082801638,
      3281.0398455768704,
      3378.760644377708,
      3271.856786273281
    ],
    "coverage": [
      0.4274325,
      0.31456,
      0.3850675,
      0.4473675,
      0.417495,
      0.45222999999999997,
      0.40335000000000004,
      0.40238,
      0.41135749999999993,
      0.4018675
    ],
    "avg_soh": [
      0.9996938065994277,
      0.9996925364836875,
      0.9996915918071718,
      0.9996901998897004,
      0.9996903030138691,
      0.9996890963622176,
      0.9996883605569078,
      0.9996885932940651,
      0.9996887097273279,
      0.999689192669752
    ],
    "alive_fraction": [
      1.0,
      1.0,
      1.0,
      1.0,
      1.0,
      1.0,
      1.0,
      1.0,
      1.0,
      1.0
    ],
    "mean_soc": [
      0.6430500303804875,
      0.6497552407979965,
      0.6445088634490966,
      0.6476794060915708,
      0.6493265872299672,
      0.647678736999631,
      0.6353259491324424,
      0.6389929148256779,
      0.6425508666485548,
      0.641490989729762
    ],
    "step_counts": [
      1000,
      1000,
      1000,
      1000,
      1000,
      1000,
      1000,
      1000,
      1000,
      1000
    ]
  },
  "image_url": "/api/visualizations/run_20260418_115451_plot.png",
  "model_path": "results/models/run_20260418_115451_model.pth"
}