{
  "run_id": "run_20260418_124132",
  "timestamp": "2026-04-18T12:41:52.928752",
  "model_used": "ddqn",
  "episodes": 10,
  "num_nodes": 10,
  "learning_rate": 0.0001,
  "gamma": 0.99,
  "death_threshold": 0.3,
  "max": 1000,
  "seed": 42,
  "metrics": {
    "mean_reward": 3513.2969251326576,
    "max_reward": 3692.8300099590383,
    "best_episode": 1,
    "avg_final_10": 3513.2969251326576,
    "final_coverage": 0.41150749999999997,
    "final_avg_soh": 0.9996872068642253,
    "network_lifetime": 10
  },
  "series": {
    "coverage": [
      0.44151750000000006,
      0.4361775,
      0.40267499999999995,
      0.4368675,
      0.42163999999999996,
      0.43591499999999994,
      0.4355775,
      0.43826499999999996,
      0.41975250000000003,
      0.41150749999999997
    ],
    "avg_soh": [
      0.999693746664951,
      0.9996923568502509,
      0.9996910784651211,
      0.9996899210084857,
      0.9996902259697382,
      0.999689275964587,
      0.9996895108154683,
      0.9996877992563269,
      0.999687040424636,
      0.9996872068642253
    ],
    "energy_consumption": [
      0.17789894342422485,
      0.18037480115890503,
      0.26089566946029663,
      0.34599703550338745,
      0.3002893924713135,
      0.4304535388946533,
      0.4179292917251587,
      0.589622437953949,
      0.3868911862373352,
      0.6232657134532928
    ],
    "throughput": [
      0.44151750000000006,
      0.4361775,
      0.40267499999999995,
      0.4368675,
      0.42163999999999996,
      0.43591499999999994,
      0.4355775,
      0.43826499999999996,
      0.41975250000000003,
      0.41150749999999997
    ]
  },
  "image_url": "/api/visualizations/run_20260418_124132_plot.png",
  "individual_image_urls": {
    "coverage": "/api/visualizations/20260418_124132/coverage.png",
    "avg_soh": "/api/visualizations/20260418_124132/battery_health.png",
    "energy_consumption": "/api/visualizations/20260418_124132/energy_consumption.png",
    "throughput": "/api/visualizations/20260418_124132/throughput.png"
  },
  "model_path": "results/models/run_20260418_124132_model.pth"
}