{
  "lifetimes": [
    186,
    190,
    187,
    186,
    188,
    183,
    190,
    179,
    187,
    173
  ],
  "coverage": [
    50.026881720430104,
    49.526315789473685,
    50.32085561497326,
    49.81182795698925,
    49.62765957446808,
    51.91256830601093,
    49.23684210526316,
    51.50837988826816,
    50.80213903743316,
    51.64739884393064
  ],
  "soh": [
    0.9999437025602645,
    0.9999425492219479,
    0.9999433052902186,
    0.999943536845908,
    0.9999432798392539,
    0.9999441204645612,
    0.9999425685011631,
    0.9999453691978408,
    0.9999432559503578,
    0.999946962815318
  ],
  "rewards": [
    666.0637068484394,
    674.399860077493,
    673.0483523774235,
    664.00758519345,
    666.6460422461353,
    681.026888386361,
    666.8505359051137,
    655.3434958536344,
    678.8365476457687,
    636.3361098989009
  ],
  "best_lifetime": 190,
  "best_episode": 2,
  "avg_lifetime_final_10": 184.9,
  "energy_conservative_baseline": 468,
  "target_beat": false
}